iter	Logloss
0	0.1319779587
1	0.04714006901
