iter	Logloss
0	0.1319107819
1	0.04703227997
